id,number,title,state,created_at,updated_at,closed_at,user_login,user_type,comments,labels,assignees,milestone,body_length,url,age_days,has_assignee,label_count,is_bot,month_created
4506173603,52694,Container in rootless docker cannot access AWS IMDS as of 29.0.0,open,2026-05-23 00:00:00+00:00,2026-05-23 00:06:54+00:00,,droppedbars,User,0,"status/0-triage,kind/bug,area/networking,area/rootless,version/29.5",,,5021,https://github.com/moby/moby/issues/52694,1,False,5,False,2026-05
4501634198,52688,Better image traversal mode,open,2026-05-22 09:45:23+00:00,2026-05-22 09:45:23+00:00,,vvoland,User,0,,,,790,https://github.com/moby/moby/issues/52688,1,False,0,False,2026-05
4493562131,52675,RFC: Add daemon-managed container default profiles,open,2026-05-21 09:57:31+00:00,2026-05-21 18:49:44+00:00,,vvoland,User,0,"kind/feature,area/daemon",,,1631,https://github.com/moby/moby/issues/52675,2,False,2,False,2026-05
4493510116,52674,Support `/etc/docker/daemon.json.d/`,open,2026-05-21 09:49:09+00:00,2026-05-21 18:49:53+00:00,,vvoland,User,4,"kind/feature,area/daemon",,,354,https://github.com/moby/moby/issues/52674,2,False,2,False,2026-05
4492940092,52673,Containers refuse to start on rootless setup with Loki logging driver since 29.5.0,open,2026-05-21 08:19:44+00:00,2026-05-21 09:39:23+00:00,,leonboot,User,3,"status/0-triage,kind/bug,area/rootless,version/29.5",AkihiroSuda,,5578,https://github.com/moby/moby/issues/52673,2,True,4,False,2026-05
4489992574,52671,Docker 29.5 CLONE_NEWTIME default breaks CNB lifecycle builds,open,2026-05-20 21:21:39+00:00,2026-05-21 23:09:02+00:00,,gchait,User,5,"status/0-triage,kind/feature,kind/bug,version/29.5",,29.5.3,3934,https://github.com/moby/moby/issues/52671,3,False,4,False,2026-05
4487325627,52666,bridge-accept-fwmark generated iptables rule in DOCKER-FORWARD starts at first place but is weeks later under DOCKER_BRIDGE rule,open,2026-05-20 14:28:08+00:00,2026-05-20 20:34:41+00:00,,dsteinberg111,User,1,"status/0-triage,kind/bug,area/networking,area/networking/firewalling,version/29.4",,,5323,https://github.com/moby/moby/issues/52666,3,False,5,False,2026-05
4484321474,52661,Overlay ARP stale entries still present on 29.5.0 — fix from #50236 incomplete,open,2026-05-20 07:50:06+00:00,2026-05-20 20:35:11+00:00,,koudelka-ivo,User,3,"status/0-triage,kind/bug,area/networking,area/swarm,area/networking/d/overlay,help wanted,version/29.5",,,6275,https://github.com/moby/moby/issues/52661,3,False,7,False,2026-05
4479201036,52658,CI: Cache Windows busybox image,open,2026-05-19 16:34:51+00:00,2026-05-19 16:34:51+00:00,,vvoland,User,0,"platform/windows,area/ci",,29.6.0,79,https://github.com/moby/moby/issues/52658,4,False,2,False,2026-05
4478336972,52654,"openat-error with compose, config & bind-mount: openat etc/localtime: path escapes from parent",closed,2026-05-19 14:41:51+00:00,2026-05-19 16:16:40+00:00,2026-05-19 15:44:35+00:00,StefanWetterActiware,User,2,"kind/bug,version/29.5",,,3568,https://github.com/moby/moby/issues/52654,0,False,2,False,2026-05
4477276983,52653,`docker cp` fails when target container has any file mounted with symlinked target,closed,2026-05-19 12:21:43+00:00,2026-05-19 17:58:18+00:00,2026-05-19 17:58:18+00:00,frazar,User,4,"kind/bug,status/confirmed,version/29.5",,29.5.2,4716,https://github.com/moby/moby/issues/52653,0,False,3,False,2026-05
4477119323,52652,Constraint enforcer counts completed ReplicatedJob tasks against node memory,open,2026-05-19 11:56:21+00:00,2026-05-19 14:30:06+00:00,,matyasrichter,User,1,"status/0-triage,kind/bug,area/swarm,version/29.4",,,5522,https://github.com/moby/moby/issues/52652,4,False,4,False,2026-05
4473922103,52650,"ContainerUpdate silently ignores BlkioDeviceReadBps, BlkioDeviceWriteBps, BlkioDeviceReadIOps, BlkioDeviceWriteIOps, and BlkioWeightDevice",open,2026-05-19 02:22:54+00:00,2026-05-20 17:42:48+00:00,,acouvreur,User,1,"kind/feature,help wanted",,,3501,https://github.com/moby/moby/issues/52650,5,False,2,False,2026-05
4463980456,52642,Docker only half-restores network if bridge is assigned to another firewalld zone (FIXME error in API),open,2026-05-17 15:35:22+00:00,2026-05-21 22:10:58+00:00,,sandnabba,User,7,"status/0-triage,kind/bug,area/networking,area/networking/firewalld",,,11066,https://github.com/moby/moby/issues/52642,6,False,4,False,2026-05
4462468411,52641,"rootless Docker not working after update to version 29.5.0 (`""slirp4netns"": executable file not found in $PATH`)",closed,2026-05-17 06:02:37+00:00,2026-05-18 22:09:01+00:00,2026-05-18 15:00:30+00:00,GeorgQW,User,18,"kind/question,area/docs,area/rootless,version/29.5",,,1262,https://github.com/moby/moby/issues/52641,1,False,4,False,2026-05
4459938003,52639,Installing Ubuntu packages with default builder is much slower in Docker 29.5.0,closed,2026-05-16 12:57:50+00:00,2026-05-18 09:18:04+00:00,2026-05-17 09:47:25+00:00,pjonsson,User,1,"status/0-triage,kind/bug",,,11746,https://github.com/moby/moby/issues/52639,0,False,2,False,2026-05
4454891294,52635,[lxc-user-nic] containers cannot connect to the Internet (while the daemon can),closed,2026-05-15 15:03:18+00:00,2026-05-15 16:41:20+00:00,2026-05-15 16:41:12+00:00,AkihiroSuda,User,1,"kind/question,status/0-triage,area/docs,area/networking,area/rootless",,,4177,https://github.com/moby/moby/issues/52635,0,False,5,False,2026-05
4444124478,52626,Cannot exec into rootless container with 29.5.0-RC1 (`write fsmount:fscontext:proc/thread-self/attr/apparmor/exec: no such file or directory`),closed,2026-05-14 07:37:39+00:00,2026-05-19 12:34:12+00:00,2026-05-14 14:32:03+00:00,yorickdowne,User,7,"area/security/apparmor,status/0-triage,kind/bug,area/rootless,version/29.5",,29.5.0,3956,https://github.com/moby/moby/issues/52626,0,False,5,False,2026-05
4438799435,52622,[cloudwatchlogs]awslogs driver does not support entity attributes/keyattributes,open,2026-05-13 14:41:44+00:00,2026-05-14 15:08:49+00:00,,arukiidou,User,0,"area/logging,status/0-triage,kind/feature",,,1290,https://github.com/moby/moby/issues/52622,10,False,3,False,2026-05
4432471153,52612,Installing Docker Engine on Fedora 44 breaks libvirt default network,open,2026-05-12 20:39:01+00:00,2026-05-20 12:54:52+00:00,,hardillb,User,3,"kind/bug,area/networking/firewalling,version/29.4",,,3396,https://github.com/moby/moby/issues/52612,11,False,3,False,2026-05
4431466232,52611,hcsshim::ProcessBaseLayer : access denied,closed,2026-05-12 18:02:45+00:00,2026-05-19 15:50:36+00:00,2026-05-19 15:50:36+00:00,dpvq,User,8,"platform/windows,status/0-triage,status/more-info-needed,kind/bug,version/29.4",,,6195,https://github.com/moby/moby/issues/52611,6,False,5,False,2026-05
4424746791,52607,"mount callback failed (or failed to remove mount temp dir) with docker 29.4.1, containerd 2.2.3",open,2026-05-11 22:29:56+00:00,2026-05-11 23:05:38+00:00,,kblack-site,User,0,"status/0-triage,kind/bug,area/builder/buildkit,containerd-integration,version/29.4",,,11843,https://github.com/moby/moby/issues/52607,12,False,5,False,2026-05
4423080095,52601,NRI synchronization followup,open,2026-05-11 17:57:23+00:00,2026-05-14 13:46:40+00:00,,vvoland,User,0,help wanted,,,188,https://github.com/moby/moby/issues/52601,12,False,1,False,2026-05
4416433034,52592,Runtime values are used as structured log event names or field keys,closed,2026-05-10 18:18:32+00:00,2026-05-20 05:16:01+00:00,2026-05-19 17:50:40+00:00,angrychow,User,6,"status/0-triage,kind/bug,invalid",,,2417,https://github.com/moby/moby/issues/52592,8,False,3,False,2026-05
4402589729,52578,Docker 29.4.1 - Daemon dies with panic: crypto: requested hash function #0 is unavailable,closed,2026-05-07 23:19:48+00:00,2026-05-17 21:07:46+00:00,2026-05-17 18:41:36+00:00,andrebrait,User,12,"status/0-triage,status/more-info-needed,kind/bug,version/29.4",,,3261,https://github.com/moby/moby/issues/52578,9,False,4,False,2026-05
4400111639,52570,"swarm task error reports misleading ""No such image"" when the actual cause is `unauthorized: authentication required`",open,2026-05-07 15:53:42+00:00,2026-05-20 14:12:21+00:00,,agjini,User,0,"area/distribution,area/swarm,help wanted",,,3070,https://github.com/moby/moby/issues/52570,16,False,3,False,2026-05
4399759243,52568,Figure out how to make CI faster,open,2026-05-07 15:01:17+00:00,2026-05-07 17:50:40+00:00,,vvoland,User,0,,,29.6.0,106,https://github.com/moby/moby/issues/52568,16,False,0,False,2026-05
4399753818,52567,Setup automated flaky test detector,open,2026-05-07 15:00:34+00:00,2026-05-07 17:50:53+00:00,,vvoland,User,0,area/ci,,29.6.0,165,https://github.com/moby/moby/issues/52567,16,False,1,False,2026-05
4399728902,52566,docker-py swarm panic,closed,2026-05-07 14:56:54+00:00,2026-05-14 18:17:36+00:00,2026-05-14 18:17:36+00:00,vvoland,User,0,area/swarm,,,27826,https://github.com/moby/moby/issues/52566,7,False,1,False,2026-05
4392074244,52553,docker image with EXPOSE port range cannot be pulled: invalid port since v29,open,2026-05-06 14:16:29+00:00,2026-05-06 16:11:35+00:00,,jyriaado,User,4,"status/0-triage,kind/bug,area/networking",,,4558,https://github.com/moby/moby/issues/52553,17,False,3,False,2026-05
4391634195,52551,Flaky test: TestDaemonRestartKillContainers,open,2026-05-06 13:16:45+00:00,2026-05-15 08:15:17+00:00,,vvoland,User,1,area/testing,,,0,https://github.com/moby/moby/issues/52551,17,False,1,False,2026-05
4389820156,52546,Mount subpath fails if the the target file path exists in the image,closed,2026-05-06 08:16:08+00:00,2026-05-12 17:50:58+00:00,2026-05-11 17:05:14+00:00,queil,User,6,"kind/bug,area/volumes,status/confirmed,version/29.4",,29.5.0,3853,https://github.com/moby/moby/issues/52546,5,False,4,False,2026-05
4385219442,52541,Networking broken in 29.4.2 in arm containers,closed,2026-05-05 15:23:34+00:00,2026-05-05 16:37:24+00:00,2026-05-05 15:50:00+00:00,MiloszKosobuckiKDAB,User,5,"status/0-triage,kind/bug,area/networking,area/security/seccomp,version/29.4",,,4592,https://github.com/moby/moby/issues/52541,0,False,5,False,2026-05
4384761367,52539,`docker system df` shows 265.5GB used for images without any images,open,2026-05-05 14:17:19+00:00,2026-05-21 19:12:45+00:00,,pjonsson,User,15,"area/builder,status/0-triage,kind/bug,area/builder/buildkit","tonistiigi,jsternberg",30.0.0,4796,https://github.com/moby/moby/issues/52539,18,True,4,False,2026-05
4384548725,52538,Flaky test: TestDiskUsageConcurrentPrune,closed,2026-05-05 13:45:51+00:00,2026-05-22 09:45:54+00:00,2026-05-22 09:45:54+00:00,vvoland,User,2,"area/testing,help wanted,version/29.4",,,638,https://github.com/moby/moby/issues/52538,16,False,3,False,2026-05
4368976595,52528,Add shell-friendly error output mode for scripting,closed,2026-05-02 13:09:58+00:00,2026-05-04 07:58:28+00:00,2026-05-04 07:58:28+00:00,SayanDey322,User,1,"status/0-triage,kind/feature",,,371,https://github.com/moby/moby/issues/52528,1,False,2,False,2026-05
4368970463,52527,Distinguish common and advanced flags in help output,closed,2026-05-02 13:07:38+00:00,2026-05-04 07:58:16+00:00,2026-05-04 07:58:16+00:00,SayanDey322,User,1,"status/0-triage,kind/feature",,,396,https://github.com/moby/moby/issues/52527,1,False,2,False,2026-05
4368968208,52526,CLI: improve consistency of examples across related help commands,closed,2026-05-02 13:06:45+00:00,2026-05-04 07:58:06+00:00,2026-05-04 07:58:06+00:00,SayanDey322,User,1,"status/0-triage,kind/feature",,,404,https://github.com/moby/moby/issues/52526,1,False,2,False,2026-05
4368966388,52525,CLI: improve consistency of examples across related help commands,closed,2026-05-02 13:06:01+00:00,2026-05-04 07:57:54+00:00,2026-05-04 07:57:54+00:00,SayanDey322,User,1,"status/0-triage,kind/feature",,,409,https://github.com/moby/moby/issues/52525,1,False,2,False,2026-05
4368964729,52524,CLI: add actionable recovery hints to common input errors,closed,2026-05-02 13:05:23+00:00,2026-05-04 07:57:40+00:00,2026-05-04 07:57:39+00:00,SayanDey322,User,1,"status/0-triage,kind/feature",,,419,https://github.com/moby/moby/issues/52524,1,False,2,False,2026-05
4368962920,52523,CLI: suggest nearest matching subcommand for mistyped commands,closed,2026-05-02 13:04:43+00:00,2026-05-04 07:57:27+00:00,2026-05-04 07:57:27+00:00,SayanDey322,User,1,"status/0-triage,kind/feature",,,458,https://github.com/moby/moby/issues/52523,1,False,2,False,2026-05
4368959706,52522,Inconsistent section ordering in CLI help output,closed,2026-05-02 13:03:29+00:00,2026-05-04 07:57:03+00:00,2026-05-04 07:57:02+00:00,SayanDey322,User,2,"area/cli,status/0-triage,status/more-info-needed,kind/bug,version/20.10",,,1495,https://github.com/moby/moby/issues/52522,1,False,5,False,2026-05
4368956155,52521,CLI fallback behavior is unclear when partially invalid flags are provided,closed,2026-05-02 13:02:07+00:00,2026-05-04 07:56:45+00:00,2026-05-04 07:56:45+00:00,SayanDey322,User,1,"status/0-triage,kind/bug",,,1713,https://github.com/moby/moby/issues/52521,1,False,2,False,2026-05
4368951211,52520,Ambiguous CLI error when required argument is omitted,closed,2026-05-02 12:59:57+00:00,2026-05-04 07:56:31+00:00,2026-05-04 07:56:31+00:00,SayanDey322,User,1,"status/0-triage,kind/bug",,,1528,https://github.com/moby/moby/issues/52520,1,False,2,False,2026-05
4368946552,52519,Inconsistent exit codes for similar invalid CLI invocations,closed,2026-05-02 12:57:51+00:00,2026-05-04 07:56:18+00:00,2026-05-04 07:56:18+00:00,SayanDey322,User,1,"status/0-triage,kind/bug",,,1563,https://github.com/moby/moby/issues/52519,1,False,2,False,2026-05
4368943234,52518,Inconsistent --help output between related CLI commands,closed,2026-05-02 12:56:10+00:00,2026-05-04 07:56:03+00:00,2026-05-04 07:56:03+00:00,SayanDey322,User,1,"status/0-triage,kind/bug",,,1565,https://github.com/moby/moby/issues/52518,1,False,2,False,2026-05
4368938842,52517,CLI returns non-actionable error message for invalid input,closed,2026-05-02 12:53:59+00:00,2026-05-04 07:55:52+00:00,2026-05-04 07:55:52+00:00,SayanDey322,User,1,"status/0-triage,kind/bug",,,1659,https://github.com/moby/moby/issues/52517,1,False,2,False,2026-05
4368933621,52516,Inconsistent error message formatting across similar CLI failure paths,closed,2026-05-02 12:51:11+00:00,2026-05-04 09:00:44+00:00,2026-05-02 12:51:25+00:00,SayanDey322,User,0,"status/0-triage,kind/bug",,,1633,https://github.com/moby/moby/issues/52516,0,False,2,False,2026-05
4368923315,52515,Example command output in README.md no longer matches current behavior,closed,2026-05-02 12:46:46+00:00,2026-05-04 07:55:36+00:00,2026-05-04 07:55:36+00:00,SayanDey322,User,1,"status/0-triage,kind/bug",,,1626,https://github.com/moby/moby/issues/52515,1,False,2,False,2026-05
4368919784,52514,Outdated file path reference in contributor documentation,closed,2026-05-02 12:44:48+00:00,2026-05-04 07:55:06+00:00,2026-05-04 07:55:05+00:00,SayanDey322,User,1,"status/0-triage,kind/bug",,,1714,https://github.com/moby/moby/issues/52514,1,False,2,False,2026-05
4368915803,52513,Docs: broken internal anchor link in CONTRIBUTING.md,closed,2026-05-02 12:42:51+00:00,2026-05-04 07:54:25+00:00,2026-05-04 07:54:25+00:00,SayanDey322,User,1,"status/0-triage,kind/bug",,,1644,https://github.com/moby/moby/issues/52513,1,False,2,False,2026-05
4368906170,52512,Docs: add high-level repository architecture overview for new contributors,closed,2026-05-02 12:38:09+00:00,2026-05-04 07:53:38+00:00,2026-05-04 07:53:38+00:00,SayanDey322,User,1,"status/0-triage,kind/feature",,,1250,https://github.com/moby/moby/issues/52512,1,False,2,False,2026-05
4368904468,52511,Docs: clarify purpose of top-level project documentation files for new contributors,closed,2026-05-02 12:37:15+00:00,2026-05-04 07:53:27+00:00,2026-05-04 07:53:27+00:00,SayanDey322,User,1,"status/0-triage,kind/feature",,,1265,https://github.com/moby/moby/issues/52511,1,False,2,False,2026-05
4368902370,52510,Docs: add a lightweight documentation-only contribution workflow,closed,2026-05-02 12:36:07+00:00,2026-05-04 07:53:09+00:00,2026-05-04 07:53:09+00:00,SayanDey322,User,1,"status/0-triage,kind/feature",,,1368,https://github.com/moby/moby/issues/52510,1,False,2,False,2026-05
4368899716,52509,Docs: improve first-time contributor onboarding for local development,closed,2026-05-02 12:34:38+00:00,2026-05-04 07:52:54+00:00,2026-05-04 07:52:54+00:00,SayanDey322,User,1,"status/0-triage,kind/feature",,,1300,https://github.com/moby/moby/issues/52509,1,False,2,False,2026-05
4368896319,52508,Broken and outdated documentation links,closed,2026-05-02 12:32:46+00:00,2026-05-04 07:52:31+00:00,2026-05-04 07:52:31+00:00,SayanDey322,User,1,"status/0-triage,kind/feature",,,1252,https://github.com/moby/moby/issues/52508,1,False,2,False,2026-05
4365040100,52506,SteamCMD Errors on 29.4.2,closed,2026-05-01 15:04:09+00:00,2026-05-06 17:50:14+00:00,2026-05-06 17:36:02+00:00,IceOfWraith,User,30,"kind/bug,area/security/seccomp,version/29.4",,29.4.3,4397,https://github.com/moby/moby/issues/52506,5,False,3,False,2026-05
4358052982,52488,Eliminating `SetKey`,open,2026-04-30 12:25:43+00:00,2026-04-30 16:18:22+00:00,,vvoland,User,2,area/networking,,,4512,https://github.com/moby/moby/issues/52488,23,False,1,False,2026-04
4348262193,52476,containerd: docker system df -v incorrectly attributes shared content blobs as unique image size,closed,2026-04-29 05:55:55+00:00,2026-05-06 22:31:45+00:00,2026-05-06 22:31:45+00:00,minghangli-uni,User,3,"kind/bug,area/images,containerd-integration",,,4514,https://github.com/moby/moby/issues/52476,7,False,3,False,2026-04
4342001262,52469,Swarm overlay IPv6 subnet cannot be allocated (invalid Prefix / inconsistent pool handling) in Docker 29.4.1,open,2026-04-28 09:24:26+00:00,2026-04-29 14:46:17+00:00,,vingarzan,User,1,"status/0-triage,kind/bug,area/swarm,area/networking/ipv6,area/networking/d/overlay",,,9549,https://github.com/moby/moby/issues/52469,25,False,5,False,2026-04
4303231094,52431,context canceled during large image export on Docker 29.1.3 + containerd 2.2.1 causing ref lock,open,2026-04-21 14:20:31+00:00,2026-05-20 19:17:56+00:00,,efiorucci,User,17,"area/builder,status/0-triage,kind/bug,area/builder/buildkit,version/29.1,containerd","tonistiigi,jsternberg",,3228,https://github.com/moby/moby/issues/52431,32,True,6,False,2026-04
4287018949,52411,"docker pull fails with ""content digest not found"" when using containerd snapshotter (works with containerd-snapshotter=false)",open,2026-04-18 06:22:10+00:00,2026-04-20 10:36:51+00:00,,witchcraze,User,3,"area/distribution,status/0-triage,kind/bug,containerd-integration,version/29.4",,,4362,https://github.com/moby/moby/issues/52411,35,False,5,False,2026-04
4281893427,52402,Syslogger: support starting the container if the initial syslog connection fails,open,2026-04-17 10:25:25+00:00,2026-05-15 08:16:10+00:00,,hnefatl,User,1,"area/logging,status/0-triage,kind/feature",,,735,https://github.com/moby/moby/issues/52402,36,False,3,False,2026-04
4277553882,52390,Ringlogger (non-blocking logs) drops messages if underlying logger fails,open,2026-04-16 17:49:22+00:00,2026-04-16 17:49:22+00:00,,hnefatl,User,0,"status/0-triage,kind/bug",,,2333,https://github.com/moby/moby/issues/52390,37,False,2,False,2026-04
4266865659,52361,Docker 29 fails to trust private CA for Harbor token endpoint during push,closed,2026-04-15 06:54:08+00:00,2026-05-13 14:07:53+00:00,2026-05-13 14:07:53+00:00,elliot-zen,User,0,"status/0-triage,kind/bug",,,2030,https://github.com/moby/moby/issues/52361,28,False,2,False,2026-04
4256380989,52355,API swagger doc for `Topology` inconsistent with Go implementation,closed,2026-04-13 16:26:10+00:00,2026-04-19 00:29:00+00:00,2026-04-19 00:29:00+00:00,fussybeaver,User,1,"area/api,kind/bug,area/docs,help wanted",,,5199,https://github.com/moby/moby/issues/52355,5,False,4,False,2026-04
4252070062,52354,git repo link is not valid error when `make shell` is run,closed,2026-04-13 07:05:04+00:00,2026-04-15 09:22:51+00:00,2026-04-14 12:52:17+00:00,randomnoise,User,5,"kind/question,status/0-triage",,,4487,https://github.com/moby/moby/issues/52354,1,False,2,False,2026-04
4240071905,52341,Symlinks in directories are not resolved when using --device,open,2026-04-10 15:21:17+00:00,2026-04-12 15:36:16+00:00,,rsekman,User,1,"area/runtime,kind/bug",,,3672,https://github.com/moby/moby/issues/52341,43,False,2,False,2026-04
4235985242,52337,Please release a new version of the golang code for docker as certain vulnerability scanners are detecting,closed,2026-04-10 01:47:11+00:00,2026-04-10 11:16:18+00:00,2026-04-10 09:49:34+00:00,dbaxa,User,4,kind/question,,,553,https://github.com/moby/moby/issues/52337,0,False,1,False,2026-04
4232205019,52334,`docker image prune` ignores label!= filter on Docker 29+,closed,2026-04-09 12:31:32+00:00,2026-04-16 14:08:57+00:00,2026-04-16 14:08:57+00:00,eliska-n,User,3,"status/0-triage,kind/bug",,,5278,https://github.com/moby/moby/issues/52334,7,False,2,False,2026-04
4223009241,52331,Show associated container names in docker volume ls output,open,2026-04-08 08:01:31+00:00,2026-05-12 12:47:22+00:00,,hermitguo,User,4,"status/0-triage,kind/feature,area/volumes",,,570,https://github.com/moby/moby/issues/52331,45,False,3,False,2026-04
4221850226,52330,Docker Daemon dies due to healthcheck,closed,2026-04-08 03:20:37+00:00,2026-05-17 18:43:41+00:00,2026-05-17 18:43:41+00:00,andrebrait,User,10,"status/0-triage,kind/bug",,,9142,https://github.com/moby/moby/issues/52330,39,False,2,False,2026-04
4215260019,52320,"Windows CI began to fail on 2026-04-07: `msg=""fetch failed after status: 404 Not Found"" host=""localhost:49744""`",closed,2026-04-07 03:42:08+00:00,2026-04-07 11:43:28+00:00,2026-04-07 11:43:28+00:00,AkihiroSuda,User,4,"platform/windows,area/ci",,,3128,https://github.com/moby/moby/issues/52320,0,False,2,False,2026-04
4201627353,52300,CI began to fail on 2026-04-03: `xargs: unmatched single quote; by default quotes are special to xargs unless you use the -0 option`,closed,2026-04-03 18:05:43+00:00,2026-04-05 12:18:37+00:00,2026-04-05 12:18:37+00:00,AkihiroSuda,User,4,"kind/bug,area/ci",,,1096,https://github.com/moby/moby/issues/52300,1,False,2,False,2026-04
4200302845,52294,"[rootless, `userland-proxy=false`, `br_netfilter` unloaded] an error could be a warning? `error creating default ""bridge"" network: cannot restrict inter-container communication or run without the userland proxy`",open,2026-04-03 12:17:22+00:00,2026-04-07 13:43:29+00:00,,AkihiroSuda,User,4,"kind/question,kind/enhancement,area/rootless,area/networking/proxy",,,5655,https://github.com/moby/moby/issues/52294,50,False,4,False,2026-04
4199414976,52292,"Docker 29.x inserts conflicting legacy per-bridge ip6tables FORWARD rules alongside DOCKER-FORWARD, breaking outbound IPv6 from containers",closed,2026-04-03 09:09:36+00:00,2026-04-03 13:40:43+00:00,2026-04-03 13:10:42+00:00,borbonchristian,User,4,"status/0-triage,kind/bug,area/networking/firewalling,version/29.1",,,5842,https://github.com/moby/moby/issues/52292,0,False,4,False,2026-04
4187345540,52284,can't update docker/docker to v29.3.1 as a dependency of my module,closed,2026-04-01 14:24:46+00:00,2026-04-03 06:14:49+00:00,2026-04-01 14:32:09+00:00,the-uw,User,4,"status/0-triage,kind/bug",,,3207,https://github.com/moby/moby/issues/52284,0,False,2,False,2026-04
4180710454,52274,"Daemon fails to start; panic: ParseAddr(""x.x.x.x ""): unexpected character (at "" "")",closed,2026-03-31 16:45:00+00:00,2026-03-31 18:44:32+00:00,2026-03-31 18:40:01+00:00,twilcomgistix,User,6,"kind/bug,status/confirmed,version/29.0,version/29.1,version/29.2,version/29.3",,,17028,https://github.com/moby/moby/issues/52274,0,False,6,False,2026-03
4177623487,52271,A potential goroutine leak in daemon/internal/distribution/xfer/upload_test.go,closed,2026-03-31 09:36:50+00:00,2026-04-02 00:00:58+00:00,2026-04-02 00:00:58+00:00,user12031,User,2,"status/0-triage,kind/bug",,,1783,https://github.com/moby/moby/issues/52271,1,False,2,False,2026-03
4174676162,52268,libnetwork: netns bind-mount fails for non-root containers inside K8s user-namespaced pods,open,2026-03-30 23:33:42+00:00,2026-04-30 13:28:36+00:00,,bilby91,User,3,"status/0-triage,kind/feature,area/networking",,,5493,https://github.com/moby/moby/issues/52268,54,False,3,False,2026-03
4173184821,52266,missing release tag v29.3.1,closed,2026-03-30 18:42:04+00:00,2026-03-30 20:08:47+00:00,2026-03-30 20:08:47+00:00,szuecs,User,2,"status/0-triage,kind/bug",,,3679,https://github.com/moby/moby/issues/52266,0,False,2,False,2026-03
4168156374,52265,Overlay ARP stale entries still present on 29.3.0 — regression or incomplete fix from #50236,closed,2026-03-30 07:15:28+00:00,2026-04-16 20:23:58+00:00,2026-04-16 19:10:40+00:00,koudelka-ivo,User,1,"kind/bug,area/networking,area/swarm,area/networking/d/overlay,version/29.3",,,5632,https://github.com/moby/moby/issues/52265,17,False,5,False,2026-03
4153534389,52257,panic: nil pointer dereference in filterHistoryEvents during ListenBuildHistory (history.go:1074),closed,2026-03-27 15:06:58+00:00,2026-03-29 11:16:09+00:00,2026-03-27 21:31:12+00:00,Qwarctick,User,2,"area/builder,status/0-triage,kind/bug,area/builder/buildkit,version/29.3",,,7179,https://github.com/moby/moby/issues/52257,0,False,5,False,2026-03
4136517271,52225,No option to disable IPv4 on default Docker bridge,open,2026-03-25 15:54:12+00:00,2026-04-07 17:58:28+00:00,,arhue,User,6,"status/0-triage,kind/enhancement,area/networking,area/networking/ipv6,area/networking/d/bridge,version/29.1",,,3890,https://github.com/moby/moby/issues/52225,59,False,6,False,2026-03
4122405651,52203,dockerd reliably segfault with .dockerignore and copy,closed,2026-03-23 17:17:07+00:00,2026-03-25 09:17:11+00:00,2026-03-25 09:17:11+00:00,scottbarnham,User,2,"area/builder,status/0-triage,kind/bug,status/confirmed,area/builder/buildkit,version/29.0,version/28.5,version/29.1,version/29.2,version/29.3",,,7029,https://github.com/moby/moby/issues/52203,1,False,10,False,2026-03
4120594704,52201,"Docker 20.10.5 overlay2: ""no space left on device"" during docker cp despite sufficient disk and inode availability",closed,2026-03-23 12:45:24+00:00,2026-03-24 03:12:20+00:00,2026-03-23 17:16:19+00:00,vijayaramaraju-kalidindi,User,1,"status/0-triage,kind/bug,version/20.10",,,4332,https://github.com/moby/moby/issues/52201,0,False,3,False,2026-03
4106612908,52194,Possible regression in docker/moby 29.2.1: error starting setns process: exec: already started,closed,2026-03-20 08:35:46+00:00,2026-03-23 08:48:07+00:00,2026-03-23 04:46:35+00:00,ChenQi1989,User,4,"status/0-triage,kind/bug",,,3519,https://github.com/moby/moby/issues/52194,2,False,2,False,2026-03
4102870979,52193,c8d storage issue with `docker save` after `docker pull`,open,2026-03-19 16:35:55+00:00,2026-04-20 10:38:05+00:00,,jabrown85,User,3,"status/0-triage,kind/bug,area/images,containerd-integration,version/29.2",,,7002,https://github.com/moby/moby/issues/52193,65,False,5,False,2026-03
4070218919,52173,$ docker stop test_sshd $ docker rm test_sshd $ docker rmi eg_sshd,closed,2026-03-13 10:26:26+00:00,2026-03-16 15:53:24+00:00,2026-03-13 10:28:00+00:00,cpwct2022-ship-it,User,0,,,,417,https://github.com/moby/moby/issues/52173,0,False,0,False,2026-03
4066352341,52171,"`dockerd-rootless[-setuptool].sh` conflicts with `containerd-rootless[-setuptool].sh`, but no error is printed during installation",closed,2026-03-12 18:05:22+00:00,2026-03-23 21:12:35+00:00,2026-03-23 21:12:35+00:00,AkihiroSuda,User,0,"status/0-triage,kind/bug,exp/intermediate,area/rootless",,,4595,https://github.com/moby/moby/issues/52171,11,False,4,False,2026-03
4063416053,52161,docker run --rm will failed because directory /var/lib/docker/containers/$container_id is not empty when remove it,closed,2026-03-12 09:45:14+00:00,2026-04-04 16:35:54+00:00,2026-04-03 10:10:19+00:00,Wang-squirrel,User,0,"status/0-triage,kind/bug,version/26.1",,,4255,https://github.com/moby/moby/issues/52161,22,False,3,False,2026-03
4051292194,52158,"daemon produces ""reference for unknown type"" warnings for Sigstore bundles",closed,2026-03-10 11:57:03+00:00,2026-03-26 19:17:53+00:00,2026-03-26 19:17:53+00:00,thaJeztah,User,1,"kind/bug,area/images,area/daemon,containerd-integration,version/29.3",,,4316,https://github.com/moby/moby/issues/52158,16,False,5,False,2026-03
4034763616,52153,Container stuck in Running state when system clock steps backwards,closed,2026-03-06 15:21:20+00:00,2026-03-10 21:27:12+00:00,2026-03-10 21:27:12+00:00,anatolebeuzon,User,3,"status/0-triage,kind/bug,area/daemon,version/29.2",,,3381,https://github.com/moby/moby/issues/52153,4,False,4,False,2026-03
4028411260,52144,ci: Allow targeted test run,open,2026-03-05 14:01:25+00:00,2026-03-05 14:01:25+00:00,,vvoland,User,0,"status/0-triage,kind/feature,area/testing,area/ci",,,145,https://github.com/moby/moby/issues/52144,79,False,4,False,2026-03
4023539752,52138,`SystemDataUsageResponse` contains wrong-named fields,closed,2026-03-04 18:47:05+00:00,2026-03-05 14:04:26+00:00,2026-03-05 14:04:26+00:00,SabrinaJewson,User,1,"status/0-triage,kind/bug",,,3031,https://github.com/moby/moby/issues/52138,0,False,2,False,2026-03
4022815384,52136,Limit restart exponential growth,closed,2026-03-04 16:10:46+00:00,2026-05-14 19:39:16+00:00,2026-05-14 19:39:16+00:00,codeworse,User,1,"status/0-triage,kind/feature",,,472,https://github.com/moby/moby/issues/52136,71,False,2,False,2026-03
4018867512,52132,Upgrade go to resolve CVE-2025-68121,closed,2026-03-03 21:47:23+00:00,2026-03-04 13:06:15+00:00,2026-03-04 13:06:02+00:00,gnowland,User,2,version/29.2,,,1106,https://github.com/moby/moby/issues/52132,0,False,1,False,2026-03
4010907669,52125,Dockerignore - CopyIgnoredFile warning false positive,closed,2026-03-02 12:02:35+00:00,2026-03-03 11:02:50+00:00,2026-03-03 11:02:50+00:00,flipflopsimsommer,User,1,"area/builder,kind/bug,area/builder/buildkit,version/29.2",,,1804,https://github.com/moby/moby/issues/52125,0,False,4,False,2026-03
3988430327,52092,"When start a container will report the error 'xxxx Bind for 0.0.0.0:5001 failed: port is already allocated', even if there are no containers occupying this port",open,2026-02-25 10:00:10+00:00,2026-02-27 07:22:48+00:00,,Wang-squirrel,User,1,"status/0-triage,kind/bug",,,4403,https://github.com/moby/moby/issues/52092,87,False,2,False,2026-02
3979631738,52085,CONTAINER_PARTIAL_LAST is always false,open,2026-02-23 18:46:17+00:00,2026-03-17 13:38:56+00:00,,ypid-work,User,4,"status/0-triage,kind/bug",,,3662,https://github.com/moby/moby/issues/52085,89,False,2,False,2026-02
3976815371,52081,Inspect API: platform query parameter not documented,closed,2026-02-23 07:50:58+00:00,2026-02-24 16:33:50+00:00,2026-02-24 16:33:50+00:00,bojidar-bg,User,1,"area/api,status/0-triage,kind/bug,area/docs",,,4766,https://github.com/moby/moby/issues/52081,1,False,4,False,2026-02
3962623289,52061,Proposal: expose idmapped mounts for bind mounts via --mount,closed,2026-02-19 12:06:35+00:00,2026-03-13 02:05:58+00:00,2026-03-13 02:05:58+00:00,mr-lodco,User,1,"status/0-triage,kind/feature",,,960,https://github.com/moby/moby/issues/52061,21,False,2,False,2026-02
3959933928,52057,DNS config corrupted after daemon reload (SIGHUP) - netip.Addr incompatible with copystructure,closed,2026-02-18 21:47:58+00:00,2026-02-18 22:57:46+00:00,2026-02-18 22:57:46+00:00,chlunde,User,0,"status/0-triage,kind/bug",,,2908,https://github.com/moby/moby/issues/52057,0,False,2,False,2026-02
3959892682,52056,DNS configuration lost after daemon reload due to copystructure failing to copy netip.Addr,closed,2026-02-18 21:35:00+00:00,2026-02-19 12:09:18+00:00,2026-02-19 12:09:18+00:00,Flaatten,User,0,"status/0-triage,kind/bug",,,4941,https://github.com/moby/moby/issues/52056,0,False,2,False,2026-02
3948614318,52050,Docker v29: FROM --platform ends up with wrong platform in manifest,open,2026-02-16 16:41:45+00:00,2026-02-18 03:14:08+00:00,,chrmarti,User,3,"area/builder,status/0-triage,kind/bug,area/builder/buildkit,containerd-integration,version/29.2",,,3797,https://github.com/moby/moby/issues/52050,96,False,6,False,2026-02
3947001800,52049,"Swarm removes service DNS when all tasks are unhealthy, allowing unintended external or network-level resolution",open,2026-02-16 10:19:44+00:00,2026-04-22 22:23:49+00:00,,mpcref,User,1,"status/0-triage,kind/bug,area/swarm,area/networking/dns",,,7282,https://github.com/moby/moby/issues/52049,96,False,4,False,2026-02
3944026009,52045,Intermittent Issue: Docker Mount Creates Directory Instead of Using Existing resolv.conf File,closed,2026-02-15 12:43:26+00:00,2026-02-18 10:06:56+00:00,2026-02-18 09:58:45+00:00,engageub,User,7,"status/0-triage,kind/bug",,,3360,https://github.com/moby/moby/issues/52045,2,False,2,False,2026-02
3936272750,52038,`undefined: archive.Compression`,closed,2026-02-13 09:41:36+00:00,2026-02-13 12:03:33+00:00,2026-02-13 12:03:33+00:00,decentral1se,User,2,"status/0-triage,kind/bug",,,1521,https://github.com/moby/moby/issues/52038,0,False,2,False,2026-02
3932815895,52035,rootless does not follow symlink to /run/netconfig/resolv.conf,open,2026-02-12 16:40:41+00:00,2026-04-25 07:44:35+00:00,,TragiWritesCode,User,2,"status/0-triage,kind/bug,area/rootless",,,1355,https://github.com/moby/moby/issues/52035,100,False,3,False,2026-02
3913111370,52017,docker + kata: Proposal to make network work with the current docker releases,closed,2026-02-08 17:06:02+00:00,2026-02-24 06:14:54+00:00,2026-02-24 06:14:54+00:00,fidencio,User,6,"status/0-triage,kind/feature,status/more-info-needed",,,15047,https://github.com/moby/moby/issues/52017,15,False,3,False,2026-02
3909650590,52014,escape=`,closed,2026-02-07 07:08:32+00:00,2026-02-07 09:59:07+00:00,2026-02-07 09:58:55+00:00,thomaslovaslokoy-ui,User,0,,,,123,https://github.com/moby/moby/issues/52014,0,False,0,False,2026-02
3903860409,52012,"Running ""docker stop"" on an ephemeral container and then calling ""docker system prune"" causes ""rw layer snapshot not found for container"" error",closed,2026-02-05 22:21:09+00:00,2026-02-25 18:12:11+00:00,2026-02-25 18:12:11+00:00,juliannguyen4,User,9,"status/0-triage,status/more-info-needed,kind/bug,containerd-integration,version/28.3",,,3532,https://github.com/moby/moby/issues/52012,19,False,5,False,2026-02
3901193799,52005,IPSec Sequence Number Exhaustion in Encrypted Overlay Networks,open,2026-02-05 11:54:11+00:00,2026-05-11 07:29:38+00:00,,johartl,User,2,"status/0-triage,kind/bug,area/networking,area/swarm,area/networking/d/overlay,version/28.3",corhere,,7602,https://github.com/moby/moby/issues/52005,107,True,6,False,2026-02
3895441541,51999,gw_priority is ignored on ipv4 network if service also joins an ipv6 network without priority,closed,2026-02-04 09:02:35+00:00,2026-04-09 14:01:21+00:00,2026-04-09 14:01:21+00:00,stavros-k,User,2,"kind/bug,area/networking,status/confirmed",,,5522,https://github.com/moby/moby/issues/51999,64,False,3,False,2026-02
3892297112,51997,29.2.0 requires Windows container support while registering service,closed,2026-02-03 17:11:28+00:00,2026-02-10 10:20:58+00:00,2026-02-10 10:20:58+00:00,kichik,User,9,"status/0-triage,kind/bug,version/29.2",,,2097,https://github.com/moby/moby/issues/51997,6,False,3,False,2026-02
3891747719,51995,[Feature request] Add --cpuset-cpus and --cpuset-mems support for Windows containers,open,2026-02-03 15:09:01+00:00,2026-05-20 14:13:31+00:00,,olljanat,User,5,"status/0-triage,kind/feature,help wanted",,,922,https://github.com/moby/moby/issues/51995,109,False,3,False,2026-02
3891565373,51994,registry-mirror regression with containerd storage,closed,2026-02-03 14:30:48+00:00,2026-05-05 11:38:20+00:00,2026-05-05 11:38:20+00:00,apollo13,User,4,"area/distribution,status/0-triage,kind/bug,containerd-integration,version/29.1",,,3619,https://github.com/moby/moby/issues/51994,90,False,5,False,2026-02
3886329746,51980,daemon: verify validation for bind-propagation with mount type=image,closed,2026-02-02 14:45:54+00:00,2026-02-07 23:13:07+00:00,2026-02-07 23:13:07+00:00,thaJeztah,User,5,"kind/bug,area/volumes",slyt3,,997,https://github.com/moby/moby/issues/51980,5,True,2,False,2026-02
3885800691,51978,"Running `docker system df` fails with ""Error response from daemon: failed to calculate image disk usage""",closed,2026-02-02 12:59:02+00:00,2026-05-06 00:43:45+00:00,2026-02-02 16:33:00+00:00,pjonsson,User,3,"status/0-triage,kind/bug,area/images,containerd-integration",,,3467,https://github.com/moby/moby/issues/51978,0,False,4,False,2026-02
3869796150,51958,Validate runc 1.4 pids.limit breaking change does not affect spec generation,open,2026-01-29 09:55:40+00:00,2026-01-29 09:56:23+00:00,,thaJeztah,User,1,"area/runtime,status/0-triage",,,2482,https://github.com/moby/moby/issues/51958,114,False,2,False,2026-01
3861520128,51949,"Network named ""container"" can be created but not used",open,2026-01-27 16:54:28+00:00,2026-01-27 17:03:16+00:00,,htoyoda18,User,0,"status/0-triage,kind/bug",,,4722,https://github.com/moby/moby/issues/51949,116,False,2,False,2026-01
3859290468,51942,`--gpus all` does not expose MIG devices in Docker 29.2.0,closed,2026-01-27 07:50:40+00:00,2026-05-20 16:49:30+00:00,2026-05-20 16:49:30+00:00,y-otn,User,12,"status/0-triage,kind/bug,help wanted,area/cdi,version/29.2",,,4960,https://github.com/moby/moby/issues/51942,113,False,5,False,2026-01
3856507236,51934,docker load produces different image ids depening on the machine,closed,2026-01-26 15:42:07+00:00,2026-01-27 19:45:34+00:00,2026-01-27 19:45:34+00:00,JohannesKonczak,User,6,"status/0-triage,kind/bug,area/images,containerd-integration,version/29.1",,,12436,https://github.com/moby/moby/issues/51934,1,False,5,False,2026-01
3853263750,51924,Docker 29.x streaming API responses contain null bytes between JSON documents,open,2026-01-25 13:35:19+00:00,2026-03-19 12:21:30+00:00,,thomhurst,User,5,"status/0-triage,kind/bug",,,1297,https://github.com/moby/moby/issues/51924,118,False,2,False,2026-01
3846082808,51905,Vulnerability in moby project,closed,2026-01-23 06:43:17+00:00,2026-01-24 00:09:21+00:00,2026-01-24 00:09:21+00:00,ankitdn,User,0,"status/0-triage,kind/bug",,,957,https://github.com/moby/moby/issues/51905,0,False,2,False,2026-01
3844375545,51894,Dependency Dashboard,open,2026-01-22 19:16:18+00:00,2026-05-23 05:07:51+00:00,,forking-renovate[bot],Bot,1,,,,23589,https://github.com/moby/moby/issues/51894,121,False,0,True,2026-01
3842938333,51890,docker network inspect ipam config with empty IPRange,closed,2026-01-22 13:22:46+00:00,2026-01-26 17:02:31+00:00,2026-01-26 16:52:29+00:00,carlbordum,User,4,"status/0-triage,kind/bug",,,4162,https://github.com/moby/moby/issues/51890,4,False,2,False,2026-01
3829897082,51874,29.2.0 is available as a Debian update but it is a RC?,closed,2026-01-19 14:08:50+00:00,2026-01-19 14:25:07+00:00,2026-01-19 14:22:48+00:00,chriscroome,User,2,"status/0-triage,kind/bug",,,6047,https://github.com/moby/moby/issues/51874,0,False,2,False,2026-01
3822351701,51863,docker misuses linux routing table to decide address-pool eligibility,open,2026-01-16 14:49:26+00:00,2026-01-27 17:26:39+00:00,,rgergon,User,9,"status/0-triage,kind/bug,area/networking","corhere,akerouanton,robmry",,6193,https://github.com/moby/moby/issues/51863,127,True,3,False,2026-01
3817131709,51851,Hard crash docker freezed,closed,2026-01-15 11:24:17+00:00,2026-01-19 13:17:25+00:00,2026-01-19 13:01:41+00:00,tytanick,User,13,"kind/bug,area/cdi,version/29.1",,,63027,https://github.com/moby/moby/issues/51851,4,False,3,False,2026-01
3811285777,51845,Intermittent error deleting containers with Docker version 29.1.4,open,2026-01-14 02:40:19+00:00,2026-01-14 09:22:30+00:00,,alex-vmw,User,0,"status/0-triage,kind/bug,version/29.1",,,14971,https://github.com/moby/moby/issues/51845,130,False,3,False,2026-01
3806604168,51841,Rootless docker in docker invalid argument (the official image works fine),closed,2026-01-13 00:56:08+00:00,2026-01-14 16:51:26+00:00,2026-01-14 15:29:37+00:00,jonathan-boudreau-work,User,2,"kind/question,area/storage/overlay,status/0-triage,area/rootless,version/29.1",,,4098,https://github.com/moby/moby/issues/51841,1,False,5,False,2026-01
3794353815,51833,IPv6 gateway on docker bridge becomes unreachable after period of no outbound traffic,closed,2026-01-08 20:36:14+00:00,2026-02-02 09:24:04+00:00,2026-02-01 11:08:34+00:00,Mainfrezzer,User,4,"status/0-triage,kind/bug,area/networking,area/networking/ipv6",,,7435,https://github.com/moby/moby/issues/51833,23,False,4,False,2026-01
3789560781,51822,Panic when starting Windows container with --network none,closed,2026-01-07 17:01:55+00:00,2026-01-08 16:34:37+00:00,2026-01-08 16:34:37+00:00,arcusmaximus,User,2,"platform/windows,status/0-triage,kind/bug,area/networking,version/29.1",,,10734,https://github.com/moby/moby/issues/51822,0,False,5,False,2026-01
3789055470,51820,panic when running docker network prune,closed,2026-01-07 14:44:09+00:00,2026-01-30 14:54:59+00:00,2026-01-30 14:54:59+00:00,nowheresly,User,1,"status/0-triage,kind/bug,area/networking,version/29.1","corhere,robmry",,11074,https://github.com/moby/moby/issues/51820,23,True,4,False,2026-01
3786634873,51819,Rootless docker fails to pull from registry-1.docker.io on an ipv6 only machine while rootful docker works,open,2026-01-06 21:43:14+00:00,2026-02-04 07:31:24+00:00,,underdoguneven99,User,7,"area/distribution,status/0-triage,kind/bug,area/rootless,area/networking/ipv6,version/29.1",,,4751,https://github.com/moby/moby/issues/51819,137,False,6,False,2026-01
3780929666,51803,Backends cannot communicate using external URL,open,2026-01-05 10:11:51+00:00,2026-01-08 16:40:51+00:00,,Fl0ux,User,2,"status/0-triage,status/more-info-needed,kind/bug,area/networking,version/29.0",,,8079,https://github.com/moby/moby/issues/51803,138,False,5,False,2026-01
3779694583,51801,Memory leak in client.ContainerLogs using newCancelReadCloser,closed,2026-01-04 22:06:48+00:00,2026-01-05 15:10:00+00:00,2026-01-05 15:09:59+00:00,mismithhisler,User,3,"kind/bug,status/confirmed,area/go-sdk",,29.2.0,2417,https://github.com/moby/moby/issues/51801,0,False,3,False,2026-01
3776183008,51799,containerd.io missing apt package,closed,2026-01-02 11:33:18+00:00,2026-01-02 15:38:55+00:00,2026-01-02 15:38:55+00:00,nvoq-lblaney,User,8,"status/0-triage,kind/bug",,,1291,https://github.com/moby/moby/issues/51799,0,False,2,False,2026-01
3770440064,51798,Encrypted overlay network between nodes on 29.1.3 and 28.x versions doesn't pass traffic,closed,2025-12-30 14:52:28+00:00,2026-01-29 12:38:19+00:00,2026-01-29 12:38:19+00:00,smin,User,5,"kind/bug,area/networking,status/confirmed,area/networking/d/overlay,version/29.1",,,4190,https://github.com/moby/moby/issues/51798,29,False,5,False,2025-12
3768652331,51796,"`mac-address`  option available as `docker run --network` option, but missing as argument in `docker network connect`",open,2025-12-30 00:39:52+00:00,2025-12-30 00:42:06+00:00,,meyayl,User,0,"status/0-triage,kind/feature",,,867,https://github.com/moby/moby/issues/51796,145,False,2,False,2025-12
3768431213,51795,Typo in daemon/server/httputils/form.go badParameterError,closed,2025-12-29 22:05:39+00:00,2026-01-05 14:07:07+00:00,2026-01-05 14:07:07+00:00,cydave,User,1,"status/0-triage,kind/bug",,,475,https://github.com/moby/moby/issues/51795,6,False,2,False,2025-12
3750445179,51779,"Docker v29 pulls all architecture variants of a multi-arch image by default and changes image ID semantics, causing increased disk usage and breaking existing tooling",open,2025-12-20 21:37:07+00:00,2026-03-07 20:27:19+00:00,,bkumar08,User,10,"status/0-triage,kind/bug",,,5929,https://github.com/moby/moby/issues/51779,154,False,2,False,2025-12
3747924193,51775,daemon: /system/df reports in-use images as reclaimable,closed,2025-12-19 15:38:36+00:00,2026-04-02 14:11:58+00:00,2026-04-02 14:11:58+00:00,austinvazquez,User,3,"status/0-triage,kind/bug",austinvazquez,29.4.1,5770,https://github.com/moby/moby/issues/51775,103,True,2,False,2025-12
3747488040,51771,Behavior difference between Docker Engine 28 and 29 when pulling from an insecure registry behind a reverse proxy,closed,2025-12-19 13:10:09+00:00,2026-05-13 14:07:54+00:00,2026-05-13 14:07:54+00:00,TheCalypso,User,1,"status/0-triage,kind/bug",,,4292,https://github.com/moby/moby/issues/51771,145,False,2,False,2025-12
3744737377,51766,Test with all supported version of go,open,2025-12-18 20:28:09+00:00,2026-04-09 19:49:04+00:00,,cpuguy83,User,0,"kind/enhancement,area/testing",,,316,https://github.com/moby/moby/issues/51766,156,False,2,False,2025-12
3743262357,51761,ci: golangci-lint doesn't check api and client modules,closed,2025-12-18 13:54:08+00:00,2026-01-02 14:52:57+00:00,2026-01-02 14:52:57+00:00,thaJeztah,User,0,"kind/bug,area/testing,go-modules",,,6139,https://github.com/moby/moby/issues/51761,15,False,3,False,2025-12
3742205390,51758,"docker start ignores conflicting ports for ""created"" containers",open,2025-12-18 09:20:19+00:00,2026-05-05 11:33:34+00:00,,thaJeztah,User,3,"status/0-triage,kind/bug,area/networking/portmapping,version/29.1,version/29.2",,,7712,https://github.com/moby/moby/issues/51758,156,False,5,False,2025-12
3740789714,51755,ipv6 address on bridge interface disappear after a while when upgrade from 27 to 28/29,closed,2025-12-17 23:05:37+00:00,2025-12-20 13:51:19+00:00,2025-12-20 13:51:19+00:00,H01001000,User,5,"status/0-triage,kind/bug,area/networking",,,3187,https://github.com/moby/moby/issues/51755,2,False,3,False,2025-12
3740328583,51754,new project depending on moby/moby/api defaults to v28,closed,2025-12-17 20:22:26+00:00,2026-01-08 19:55:43+00:00,2026-01-08 19:55:42+00:00,nicks,User,0,"status/0-triage,kind/bug",,29.2.0,1039,https://github.com/moby/moby/issues/51754,21,False,2,False,2025-12
3733383039,51731,[CVE-2025-54410] Security vulnerability: moby,closed,2025-12-16 06:25:42+00:00,2025-12-16 09:22:58+00:00,2025-12-16 07:17:53+00:00,nagoorbasha-coder,User,0,,,,1318,https://github.com/moby/moby/issues/51731,0,False,0,False,2025-12
3733378257,51730,[CVE-2025-54410] Security vulnerability: moby,closed,2025-12-16 06:23:52+00:00,2025-12-16 09:23:27+00:00,2025-12-16 07:18:35+00:00,nagoorbasha-coder,User,0,,,,1318,https://github.com/moby/moby/issues/51730,0,False,0,False,2025-12
3732772277,51728,Image pull now violates registry HTTP API spec,closed,2025-12-16 01:51:14+00:00,2025-12-16 19:36:03+00:00,2025-12-16 19:09:36+00:00,justend29,User,5,"area/distribution,status/0-triage,kind/bug,version/29.1",,,4006,https://github.com/moby/moby/issues/51728,0,False,4,False,2025-12
3731852020,51727,Release 30.x: consider restoring the change to not-backfill missing PortBindings,open,2025-12-15 19:38:07+00:00,2025-12-15 21:07:25+00:00,,robmry,User,2,"area/api,area/networking,kind/refactor,area/networking/portmapping",,30.0.0,616,https://github.com/moby/moby/issues/51727,159,False,4,False,2025-12
3731230264,51720,Cut v1.53 API docs when ready,closed,2025-12-15 16:32:59+00:00,2026-01-26 18:57:05+00:00,2026-01-26 18:57:05+00:00,vvoland,User,0,"area/project,module/api",,29.2.0,0,https://github.com/moby/moby/issues/51720,42,False,2,False,2025-12
3731177706,51718,Cannot pull - failed precondition,open,2025-12-15 16:20:38+00:00,2025-12-16 19:46:37+00:00,,AnesCehic,User,1,"status/0-triage,status/more-info-needed,kind/bug,version/29.1",,,2768,https://github.com/moby/moby/issues/51718,159,False,4,False,2025-12
3724242812,51710,swagger is not specifying the required property for several definitions,open,2025-12-12 17:26:01+00:00,2025-12-12 21:16:38+00:00,,axel7083,User,0,"area/api,status/0-triage,kind/bug,module/api",,,3864,https://github.com/moby/moby/issues/51710,162,False,4,False,2025-12
3723363416,51705,API: add option to inspect a container's OCI spec,open,2025-12-12 13:06:29+00:00,2025-12-12 13:06:40+00:00,,thaJeztah,User,0,"area/api,status/0-triage,kind/feature",,,33237,https://github.com/moby/moby/issues/51705,162,False,3,False,2025-12
3722801642,51701,(Bulk) sync networks race condition leads to bulk sync timeouts (dns resolution is delayed),open,2025-12-12 10:02:33+00:00,2026-02-02 18:09:14+00:00,,YuryHrytsuk,User,2,"kind/bug,area/swarm,area/networking/d/overlay,version/26.1",corhere,,8941,https://github.com/moby/moby/issues/51701,162,True,4,False,2025-12
3722720252,51698,Explicitly expose content store gRPC service,open,2025-12-12 09:37:15+00:00,2026-02-23 17:44:31+00:00,,vvoland,User,3,area/daemon,,,253,https://github.com/moby/moby/issues/51698,162,False,1,False,2025-12
3722699172,51696,Deprecate /grpc and /session endpoints,closed,2025-12-12 09:30:36+00:00,2025-12-16 12:34:58+00:00,2025-12-16 12:34:58+00:00,akerouanton,User,0,"area/api,impact/deprecation,kind/refactor",vvoland,29.2.0,316,https://github.com/moby/moby/issues/51696,4,True,3,False,2025-12
3719418085,51687,"Docker Compose ""type: image"" mount fails on Linux with ""file name too long"" when image path contains long registry namespace",closed,2025-12-11 13:29:09+00:00,2026-01-08 15:41:41+00:00,2026-01-08 15:41:41+00:00,MrScriptSmith,User,1,"status/0-triage,kind/bug",,,5033,https://github.com/moby/moby/issues/51687,28,False,2,False,2025-12
3716547044,51681,Docker 29.0.1 crash fatal error: found bad pointer in Go heap (GC panic),closed,2025-12-10 19:44:35+00:00,2026-03-29 11:13:13+00:00,2026-03-29 11:13:13+00:00,Souipi,User,5,"status/0-triage,status/more-info-needed,kind/bug,version/29.0",,,4014,https://github.com/moby/moby/issues/51681,108,False,4,False,2025-12
3715712628,51679,Cannot run any containers: bufio.Scanner: token too long,closed,2025-12-10 15:32:48+00:00,2026-01-06 22:24:05+00:00,2026-01-06 11:45:09+00:00,Jamesking56,User,21,"status/0-triage,kind/bug,version/28.5",,,2852,https://github.com/moby/moby/issues/51679,26,False,3,False,2025-12
3708604065,51673,docker falling to run wasm containers with containerd shims,open,2025-12-09 00:37:13+00:00,2026-02-25 21:48:39+00:00,,emirhandurmus,User,8,"area/runtime,status/0-triage,kind/bug,version/28.0",,,6670,https://github.com/moby/moby/issues/51673,166,False,4,False,2025-12
3702387296,51672,Docker engine v29 encryption on overlay networks broken,closed,2025-12-06 21:05:23+00:00,2025-12-13 21:50:23+00:00,2025-12-13 21:50:23+00:00,CristianCapsuna,User,2,"status/0-triage,kind/bug,area/networking,area/networking/d/overlay,version/29.1",,,5676,https://github.com/moby/moby/issues/51672,7,False,5,False,2025-12
3695778393,51667,iptables SNAT Ephemeral Port Range and ipv4.ip_local_port_range,open,2025-12-04 17:52:32+00:00,2025-12-09 17:34:34+00:00,,sha-root,User,3,"status/0-triage,kind/feature,status/more-info-needed",,,2419,https://github.com/moby/moby/issues/51667,170,False,3,False,2025-12
3694687553,51665,Docker build using containerd image store fails to create a valid image for push,open,2025-12-04 13:28:54+00:00,2025-12-04 21:01:41+00:00,,jirimoravcik,User,0,"kind/bug,containerd-integration,version/29.0",,,9457,https://github.com/moby/moby/issues/51665,170,False,3,False,2025-12
3693634052,51662,Docker with containerd-snapshotter does not support client certificates for registry authentication,open,2025-12-04 09:16:22+00:00,2026-02-26 17:11:14+00:00,,pnagaraj80,User,2,"area/distribution,status/0-triage,kind/bug,version/29.0",dmcgowan,,12855,https://github.com/moby/moby/issues/51662,170,True,4,False,2025-12
3691748164,51661,ImageBuild,closed,2025-12-03 20:16:23+00:00,2026-02-09 09:19:40+00:00,2026-02-09 09:19:40+00:00,pfi79,User,7,"status/0-triage,kind/feature",,,782,https://github.com/moby/moby/issues/51661,67,False,2,False,2025-12
3690356034,51658,Swarm service does not rollout when --resolve-image never is used,open,2025-12-03 13:55:28+00:00,2025-12-04 14:23:38+00:00,,kumy,User,0,"status/0-triage,kind/bug,area/swarm",,,5309,https://github.com/moby/moby/issues/51658,171,False,3,False,2025-12
3690291462,51656,Docker Swarm stack update loses published ports when VIP IP alias already exists,open,2025-12-03 13:38:54+00:00,2026-02-26 08:01:47+00:00,,kumy,User,2,"status/0-triage,kind/bug,area/swarm",,,4804,https://github.com/moby/moby/issues/51656,171,False,3,False,2025-12
3689713631,51654,Breaking change v29.0.0 - containerd snapshotter migration fails on unrecognized graph driver,closed,2025-12-03 10:58:21+00:00,2026-01-27 13:00:17+00:00,2026-01-27 13:00:17+00:00,lotus-kefir,User,3,"area/storage,status/0-triage,status/more-info-needed,kind/bug,containerd-integration,version/29.0",,,7313,https://github.com/moby/moby/issues/51654,55,False,6,False,2025-12
3688734259,51653,IPv6 subnet can be configured in a network with IPv6 disabled,open,2025-12-03 06:33:10+00:00,2025-12-03 15:03:17+00:00,,SMHRambo,User,7,"kind/enhancement,area/networking",,,3867,https://github.com/moby/moby/issues/51653,171,False,2,False,2025-12
3687668902,51651,Established tcp sessions seem to hang / drop when trying to bring down container cleanly after `docker service remove`,closed,2025-12-02 21:50:00+00:00,2026-01-27 18:38:31+00:00,2026-01-14 20:23:24+00:00,vtcifer,User,9,"kind/bug,area/networking,area/swarm,status/confirmed,area/networking/d/overlay,version/29.0",corhere,,6530,https://github.com/moby/moby/issues/51651,42,True,6,False,2025-12
3685021853,51643,containerd image store on Windows,open,2025-12-02 09:49:37+00:00,2025-12-03 05:32:29+00:00,,vvoland,User,1,"platform/windows,containerd-integration",,,137,https://github.com/moby/moby/issues/51643,172,False,2,False,2025-12
